{"main":"american-flights-api-revision.raml","name":"American Flights API revision","organizationId":"8e8a020c-9a91-43da-b18b-0f1512d2347a","groupId":"8e8a020c-9a91-43da-b18b-0f1512d2347a","assetId":"american-flights-api-revision","version":"1.0.1","metadata":{"branchId":"master","commitId":"46066946ecfc29e7f7470faa6e8bac12fabbcf09","projectId":"200434f8-5e44-4392-bc0e-742fd83e3440"},"apiVersion":"v1","classifier":"raml","dependencies":[{"assetId":"training-american-flight-data-type","groupId":"68ef9520-24e9-4cf2-b2f5-620025690913","version":"1.0.1"},{"assetId":"training-american-flights-example","groupId":"68ef9520-24e9-4cf2-b2f5-620025690913","version":"1.0.1"}],"tags":[],"originalFormatVersion":"1.0"}